<?xml version="1.0" encoding="UTF-8" standalone="yes"?>
<addon id="plugin.video.kodipie" name="kodipieWizard" version="1.0.2" provider-name="kodipie.com">
  <requires>
    <import addon="xbmc.python" version="2.1.0"/>
  </requires>
  <extension point="xbmc.python.pluginsource" library="default.py">
        <provides>video executable</provides>
  </extension>
  <extension point="xbmc.addon.metadata">
    <summary lang="en">KodiPie Wizard</summary>
    <description lang="en">KodiPie installer. Thankyou to everyone for your support and for subscribing to our custom builds.</description>
    <platform>all</platform>
  </extension>
</addon>
